{"id":"MLV53287","name":"Integra","permalink":null,"total_items_in_this_category":0,"path_from_root":[{"id":"MLV1743","name":"Carros, Motos y Otros"},{"id":"MLV1744","name":"Carros y Camionetas"},{"id":"MLV52891","name":"Acura"},{"id":"MLV53287","name":"Integra"}],"children_categories":[],"settings":{"adult_content":false,"buying_allowed":false,"buying_modes":["classified"],"coverage_areas":"not_allowed","immediate_payment":"optional","item_conditions":["new","used","not_specified"],"items_reviews_allowed":false,"listing_allowed":true,"max_pictures_per_item":18,"mirror_category":"MLV35460","price":"required","seller_contact":"optional","shipping_profile":"not_allowed","show_contact_information":true,"simple_shipping":"not_allowed","stock":"required","vip_subdomain":"carro","tags":[]}}