[{"id":"MLV1459-INMUEBLE","name":"Inmueble","type":"string","tags":["fixed"],"values":[{"id":"MLV1459-INMUEBLE-APARTAMENTO","name":"Apartamento"}],"attribute_group_id":"FIND","attribute_group_name":"Ficha técnica"},{"id":"MLV1459-OPERACION","name":"Operación","type":"string","tags":["fixed"],"values":[{"id":"MLV1459-OPERACION-ALQUILER","name":"Alquiler"}],"attribute_group_id":"FIND","attribute_group_name":"Ficha técnica"},{"id":"MLV1459-ASCCARGA","name":"Ascensor de Carga","type":"list","tags":[],"values":[{"id":"MLV1459-ASCCARGA-1","name":"1"},{"id":"MLV1459-ASCCARGA-2","name":"2"},{"id":"MLV1459-ASCCARGA-MAS_DE_2","name":"Más de 2"},{"id":"MLV1459-ASCCARGA-NO_TIENE","name":"No tiene"}],"attribute_group_id":"AMBIENTES","attribute_group_name":"Ambientes"},{"id":"MLV1459-ASCENSORES","name":"Ascensores","type":"list","tags":[],"values":[{"id":"MLV1459-ASCENSORES-1","name":"1"},{"id":"MLV1459-ASCENSORES-2","name":"2"},{"id":"MLV1459-ASCENSORES-MAS_DE_2","name":"Más de 2"},{"id":"MLV1459-ASCENSORES-NO_TIENE","name":"No tiene"}],"attribute_group_id":"AMBIENTES","attribute_group_name":"Ambientes"},{"id":"MLV1459-BANIOS","name":"Baños","type":"list","tags":[],"values":[{"id":"MLV1459-BANIOS-1","name":"1"},{"id":"MLV1459-BANIOS-10","name":"10"},{"id":"MLV1459-BANIOS-2","name":"2"},{"id":"MLV1459-BANIOS-3","name":"3"},{"id":"MLV1459-BANIOS-4","name":"4"},{"id":"MLV1459-BANIOS-5","name":"5"},{"id":"MLV1459-BANIOS-6","name":"6"},{"id":"MLV1459-BANIOS-7","name":"7"},{"id":"MLV1459-BANIOS-8","name":"8"},{"id":"MLV1459-BANIOS-9","name":"9"},{"id":"MLV1459-BANIOS-MAS_DE_10","name":"Más de 10"},{"id":"MLV1459-BANIOS-NO_TIENE","name":"No tiene"}],"attribute_group_id":"AMBIENTES","attribute_group_name":"Ambientes"},{"id":"MLV1459-DOMI","name":"Dirección","type":"string","tags":[],"values":[],"attribute_group_id":"DOMI","attribute_group_name":"Dirección"},{"id":"MLV1459-DOMINR","name":"Número","type":"number","tags":[],"values":[],"attribute_group_id":"DOMI","attribute_group_name":"Dirección"},{"id":"MLV1459-HORPREF","name":"Horario de contacto","type":"string","tags":[],"values":[],"attribute_group_id":"ADICIONALES","attribute_group_name":"Ficha técnica"},{"id":"MLV1459-INMTYPE","name":"Tipo de inmueble","type":"list","tags":[],"values":[{"id":"MLV1459-INMTYPE-ACCION_DE_CLUB","name":"Acción de Club"},{"id":"MLV1459-INMTYPE-ANEXOS","name":"Anexos"},{"id":"MLV1459-INMTYPE-APARTAMENTO","name":"Apartamento"},{"id":"MLV1459-INMTYPE-CASA","name":"Casa"},{"id":"MLV1459-INMTYPE-EDIFICIO","name":"Edificio"},{"id":"MLV1459-INMTYPE-EN_CONSTRUCCION","name":"En Construcción"},{"id":"MLV1459-INMTYPE-GALPON","name":"Galpón"},{"id":"MLV1459-INMTYPE-HABITACION","name":"Habitación"},{"id":"MLV1459-INMTYPE-HACIENDA_O_FINCA","name":"Hacienda o Finca"},{"id":"MLV1459-INMTYPE-HOTEL","name":"Hotel"},{"id":"MLV1459-INMTYPE-LOCAL","name":"Local"},{"id":"MLV1459-INMTYPE-NEGOCIO","name":"Negocio"},{"id":"MLV1459-INMTYPE-OFICINA","name":"Oficina"},{"id":"MLV1459-INMTYPE-PARCELA_DE_CEMENTERIO","name":"Parcela de Cementerio"},{"id":"MLV1459-INMTYPE-RESORT","name":"Resort"},{"id":"MLV1459-INMTYPE-TERRENO","name":"Terreno"},{"id":"MLV1459-INMTYPE-TOWNHOUSE","name":"Townhouse"},{"id":"MLV1459-INMTYPE-VACACIONALES","name":"Vacacionales"}],"attribute_group_id":"COLOREXT","attribute_group_name":"Cercanías a menos de 2 cuadras"},{"id":"MLV1459-MALETERO","name":"Maletero","type":"list","tags":[],"values":[{"id":"MLV1459-MALETERO-NO","name":"No"},{"id":"MLV1459-MALETERO-SI","name":"Si"}],"attribute_group_id":"ADICIONALES","attribute_group_name":"Ficha técnica"},{"id":"MLV1472-AIRCEN","name":"Aire acondicionado","type":"boolean","tags":[],"values":[{"id":"MLV1472-AIRCEN-N","name":"No"},{"id":"MLV1472-AIRCEN-Y","name":"Sí"}],"attribute_group_id":"COMOYAMEN","attribute_group_name":"Comodidades y amenities"},{"id":"MLV1472-AMOBL","name":"Amoblado","type":"list","tags":[],"values":[{"id":"MLV1472-AMOBL-SI","name":"Sí"},{"id":"MLV1472-AMOBL-NO","name":"No"}],"attribute_group_id":"ADICIONALES","attribute_group_name":"Ficha técnica"},{"id":"MLV1472-ANTIG","name":"Antigüedad","type":"list","tags":["required"],"values":[{"id":"MLV1472-ANTIG-A_ESTRENAR","name":"A estrenar"},{"id":"MLV1472-ANTIG-MAX_5_ANOS","name":"Max 5 años"},{"id":"MLV1472-ANTIG-MAX_10_ANOS","name":"Max 10 años"},{"id":"MLV1472-ANTIG-MAX_20_ANOS","name":"Max 20 años"},{"id":"MLV1472-ANTIG-MAX_30_ANOS","name":"Max 30 años"},{"id":"MLV1472-ANTIG-MAX_40_ANOS","name":"Max 40 años"},{"id":"MLV1472-ANTIG-MAS_DE_40_ANOS","name":"Más de 40 años"}],"attribute_group_id":"FIND","attribute_group_name":"Ficha técnica"},{"id":"MLV1472-ASCENSERV","name":"Ascensor de servicio","type":"boolean","tags":[],"values":[{"id":"MLV1472-ASCENSERV-N","name":"No"},{"id":"MLV1472-ASCENSERV-Y","name":"Sí"}],"attribute_group_id":"COMOYAMEN","attribute_group_name":"Comodidades y amenities"},{"id":"MLV1472-BALTERR","name":"Balcón","type":"boolean","tags":[],"values":[{"id":"MLV1472-BALTERR-N","name":"No"},{"id":"MLV1472-BALTERR-Y","name":"Sí"}],"attribute_group_id":"AMBIENTES","attribute_group_name":"Ambientes"},{"id":"MLV1472-BANOSERV","name":"Baño de servicio","type":"boolean","tags":[],"values":[{"id":"MLV1472-BANOSERV-N","name":"No"},{"id":"MLV1472-BANOSERV-Y","name":"Sí"}],"attribute_group_id":"AMBIENTES","attribute_group_name":"Ambientes"},{"id":"MLV1472-BATHQTY","name":"Baños","type":"list","tags":["required"],"values":[{"id":"MLV1472-BATHQTY-1","name":"1"},{"id":"MLV1472-BATHQTY-2","name":"2"},{"id":"MLV1472-BATHQTY-3","name":"3"},{"id":"MLV1472-BATHQTY-4","name":"4"},{"id":"MLV1472-BATHQTY-MAS_DE_4","name":"Más de 4"}],"attribute_group_id":"FIND","attribute_group_name":"Ficha técnica"},{"id":"MLV1472-CALEF","name":"Calefacción","type":"boolean","tags":[],"values":[{"id":"MLV1472-CALEF-N","name":"No"},{"id":"MLV1472-CALEF-Y","name":"Sí"}],"attribute_group_id":"COMOYAMEN","attribute_group_name":"Comodidades y amenities"},{"id":"MLV1472-CANTENIS","name":"Cancha de tenis","type":"boolean","tags":[],"values":[{"id":"MLV1472-CANTENIS-N","name":"No"},{"id":"MLV1472-CANTENIS-Y","name":"Sí"}],"attribute_group_id":"COMOYAMEN","attribute_group_name":"Comodidades y amenities"},{"id":"MLV1472-COCI","name":"Cocina","type":"boolean","tags":[],"values":[{"id":"MLV1472-COCI-N","name":"No"},{"id":"MLV1472-COCI-Y","name":"Sí"}],"attribute_group_id":"AMBIENTES","attribute_group_name":"Ambientes"},{"id":"MLV1472-COME","name":"Comedor","type":"boolean","tags":[],"values":[{"id":"MLV1472-COME-N","name":"No"},{"id":"MLV1472-COME-Y","name":"Sí"}],"attribute_group_id":"AMBIENTES","attribute_group_name":"Ambientes"},{"id":"MLV1472-DEPSERV","name":"Habitación de servicio","type":"boolean","tags":[],"values":[{"id":"MLV1472-DEPSERV-N","name":"No"},{"id":"MLV1472-DEPSERV-Y","name":"Sí"}],"attribute_group_id":"AMBIENTES","attribute_group_name":"Ambientes"},{"id":"MLV1472-DEPTOPISO","name":"Nro. de Apartamentos por piso","type":"list","tags":[],"values":[{"id":"MLV1472-DEPTOPISO-1","name":"1"},{"id":"MLV1472-DEPTOPISO-2","name":"2"},{"id":"MLV1472-DEPTOPISO-3","name":"3"},{"id":"MLV1472-DEPTOPISO-4","name":"4"},{"id":"MLV1472-DEPTOPISO-5","name":"5"},{"id":"MLV1472-DEPTOPISO-6","name":"6"},{"id":"MLV1472-DEPTOPISO-7","name":"7"},{"id":"MLV1472-DEPTOPISO-8","name":"8"},{"id":"MLV1472-DEPTOPISO-9","name":"9"},{"id":"MLV1472-DEPTOPISO-10","name":"10"},{"id":"MLV1472-DEPTOPISO-MAS_DE_10","name":"Más de 10"}],"attribute_group_id":"ADICIONALES","attribute_group_name":"Ficha técnica"},{"id":"MLV1472-DORMQTYB","name":"Habitaciones","type":"list","tags":["required"],"values":[{"id":"MLV1472-DORMQTYB-1","name":"1"},{"id":"MLV1472-DORMQTYB-2","name":"2"},{"id":"MLV1472-DORMQTYB-3","name":"3"},{"id":"MLV1472-DORMQTYB-4","name":"4"},{"id":"MLV1472-DORMQTYB-MAS_DE_4","name":"Más de 4"}],"attribute_group_id":"FIND","attribute_group_name":"Ficha técnica"},{"id":"MLV1472-EDIFIC","name":"Tipo de edificación","type":"list","tags":[],"values":[{"id":"MLV1472-EDIFIC-DUPLEX","name":"Duplex"},{"id":"MLV1472-EDIFIC-LOFT","name":"Loft"},{"id":"MLV1472-EDIFIC-PENTHOUSE","name":"Penthouse"},{"id":"MLV1472-EDIFIC-TIPO_ESTUDIO","name":"Tipo Estudio"},{"id":"MLV1472-EDIFIC-OTRO_TIPO","name":"Otro tipo"}],"attribute_group_id":"ADICIONALES","attribute_group_name":"Ficha técnica"},{"id":"MLV1472-EDVISITANT","name":"Estacionamiento de visitantes","type":"boolean","tags":[],"values":[{"id":"MLV1472-EDVISITANT-N","name":"No"},{"id":"MLV1472-EDVISITANT-Y","name":"Sí"}],"attribute_group_id":"COMOYAMEN","attribute_group_name":"Comodidades y amenities"},{"id":"MLV1472-ELEVATOR","name":"Ascensor","type":"list","tags":[],"values":[{"id":"MLV1472-ELEVATOR-NO_TIENE","name":"No tiene"},{"id":"MLV1472-ELEVATOR-1","name":"1"},{"id":"MLV1472-ELEVATOR-2","name":"2"},{"id":"MLV1472-ELEVATOR-3","name":"3"},{"id":"MLV1472-ELEVATOR-4","name":"4"},{"id":"MLV1472-ELEVATOR-MAS_DE_4","name":"Más de 4"}],"attribute_group_id":"ADICIONALES","attribute_group_name":"Ficha técnica"},{"id":"MLV1472-ESTADO","name":"Estado","type":"list","tags":[],"values":[{"id":"MLV1472-ESTADO-A_REFACCIONAR","name":"A refaccionar"},{"id":"MLV1472-ESTADO-BUENO","name":"Bueno"},{"id":"MLV1472-ESTADO-EXCELENTE","name":"Excelente"},{"id":"MLV1472-ESTADO-MUY_BUENO","name":"Muy bueno"},{"id":"MLV1472-ESTADO-REGULAR","name":"Regular"}],"attribute_group_id":"ADICIONALES","attribute_group_name":"Ficha técnica"},{"id":"MLV1472-ESTBIB","name":"Estudio/Biblioteca","type":"boolean","tags":[],"values":[{"id":"MLV1472-ESTBIB-N","name":"No"},{"id":"MLV1472-ESTBIB-Y","name":"Sí"}],"attribute_group_id":"AMBIENTES","attribute_group_name":"Ambientes"},{"id":"MLV1472-GARAGE","name":"Estacionamiento","type":"list","tags":[],"values":[{"id":"MLV1472-GARAGE-SI","name":"Sí"},{"id":"MLV1472-GARAGE-NO","name":"No"}],"attribute_group_id":"ADICIONALES","attribute_group_name":"Ficha técnica"},{"id":"MLV1472-GIMNA","name":"Gimnasio","type":"boolean","tags":[],"values":[{"id":"MLV1472-GIMNA-N","name":"No"},{"id":"MLV1472-GIMNA-Y","name":"Sí"}],"attribute_group_id":"COMOYAMEN","attribute_group_name":"Comodidades y amenities"},{"id":"MLV1472-GUARDERIA","name":"Guardería","type":"boolean","tags":[],"values":[{"id":"MLV1472-GUARDERIA-N","name":"No"},{"id":"MLV1472-GUARDERIA-Y","name":"Sí"}],"attribute_group_id":"COMOYAMEN","attribute_group_name":"Comodidades y amenities"},{"id":"MLV1472-INTERNET","name":"Acceso a internet","type":"boolean","tags":[],"values":[{"id":"MLV1472-INTERNET-N","name":"No"},{"id":"MLV1472-INTERNET-Y","name":"Sí"}],"attribute_group_id":"COMOYAMEN","attribute_group_name":"Comodidades y amenities"},{"id":"MLV1472-JACUZZI","name":"Jacuzzi","type":"boolean","tags":[],"values":[{"id":"MLV1472-JACUZZI-N","name":"No"},{"id":"MLV1472-JACUZZI-Y","name":"Sí"}],"attribute_group_id":"COMOYAMEN","attribute_group_name":"Comodidades y amenities"},{"id":"MLV1472-JARD","name":"Jardín","type":"boolean","tags":[],"values":[{"id":"MLV1472-JARD-N","name":"No"},{"id":"MLV1472-JARD-Y","name":"Sí"}],"attribute_group_id":"COMOYAMEN","attribute_group_name":"Comodidades y amenities"},{"id":"MLV1472-KITCHENE","name":"Kitchenette","type":"boolean","tags":[],"values":[{"id":"MLV1472-KITCHENE-N","name":"No"},{"id":"MLV1472-KITCHENE-Y","name":"Sí"}],"attribute_group_id":"COMOYAMEN","attribute_group_name":"Comodidades y amenities"},{"id":"MLV1472-LAVA","name":"Lavandero","type":"boolean","tags":[],"values":[{"id":"MLV1472-LAVA-N","name":"No"},{"id":"MLV1472-LAVA-Y","name":"Sí"}],"attribute_group_id":"AMBIENTES","attribute_group_name":"Ambientes"},{"id":"MLV1472-MALT","name":"Maletero","type":"boolean","tags":[],"values":[{"id":"MLV1472-MALT-N","name":"No"},{"id":"MLV1472-MALT-Y","name":"Sí"}],"attribute_group_id":"AMBIENTES","attribute_group_name":"Ambientes"},{"id":"MLV1472-MEDIOBA","name":"Medio baño","type":"boolean","tags":[],"values":[{"id":"MLV1472-MEDIOBA-N","name":"No"},{"id":"MLV1472-MEDIOBA-Y","name":"Sí"}],"attribute_group_id":"AMBIENTES","attribute_group_name":"Ambientes"},{"id":"MLV1472-MEZANIN","name":"Mezanina","type":"boolean","tags":[],"values":[{"id":"MLV1472-MEZANIN-N","name":"No"},{"id":"MLV1472-MEZANIN-Y","name":"Sí"}],"attribute_group_id":"AMBIENTES","attribute_group_name":"Ambientes"},{"id":"MLV1472-MTRS","name":"Metros² de construcción","type":"number","tags":["required"],"values":[],"attribute_group_id":"FIND","attribute_group_name":"Ficha técnica"},{"id":"MLV1472-MTRSTERR","name":"Metros² de terreno","type":"string","tags":["required"],"values":[],"attribute_group_id":"FIND","attribute_group_name":"Ficha técnica"},{"id":"MLV1472-PARQINFAN","name":"Parque infantil","type":"boolean","tags":[],"values":[{"id":"MLV1472-PARQINFAN-N","name":"No"},{"id":"MLV1472-PARQINFAN-Y","name":"Sí"}],"attribute_group_id":"COMOYAMEN","attribute_group_name":"Comodidades y amenities"},{"id":"MLV1472-PARR","name":"Área de parrilla","type":"boolean","tags":[],"values":[{"id":"MLV1472-PARR-N","name":"No"},{"id":"MLV1472-PARR-Y","name":"Sí"}],"attribute_group_id":"COMOYAMEN","attribute_group_name":"Comodidades y amenities"},{"id":"MLV1472-PATI","name":"Patio","type":"boolean","tags":[],"values":[{"id":"MLV1472-PATI-N","name":"No"},{"id":"MLV1472-PATI-Y","name":"Sí"}],"attribute_group_id":"AMBIENTES","attribute_group_name":"Ambientes"},{"id":"MLV1472-PHONETEPAN","name":"Linea telefónica","type":"boolean","tags":[],"values":[{"id":"MLV1472-PHONETEPAN-N","name":"No"},{"id":"MLV1472-PHONETEPAN-Y","name":"Sí"}],"attribute_group_id":"COMOYAMEN","attribute_group_name":"Comodidades y amenities"},{"id":"MLV1472-PILNAT","name":"Piscina","type":"boolean","tags":[],"values":[{"id":"MLV1472-PILNAT-N","name":"No"},{"id":"MLV1472-PILNAT-Y","name":"Sí"}],"attribute_group_id":"COMOYAMEN","attribute_group_name":"Comodidades y amenities"},{"id":"MLV1472-PISOS","name":"Cantidad de pisos","type":"list","tags":[],"values":[{"id":"MLV1472-PISOS-1","name":"1"},{"id":"MLV1472-PISOS-2","name":"2"},{"id":"MLV1472-PISOS-3","name":"3"},{"id":"MLV1472-PISOS-4","name":"4"},{"id":"MLV1472-PISOS-5","name":"5"},{"id":"MLV1472-PISOS-6","name":"6"},{"id":"MLV1472-PISOS-7","name":"7"},{"id":"MLV1472-PISOS-8","name":"8"},{"id":"MLV1472-PISOS-9","name":"9"},{"id":"MLV1472-PISOS-10","name":"10"},{"id":"MLV1472-PISOS-MAS_DE_10","name":"Más de 10"}],"attribute_group_id":"ADICIONALES","attribute_group_name":"Ficha técnica"},{"id":"MLV1472-SALAESTAR","name":"Sala de estar","type":"boolean","tags":[],"values":[{"id":"MLV1472-SALAESTAR-N","name":"No"},{"id":"MLV1472-SALAESTAR-Y","name":"Sí"}],"attribute_group_id":"AMBIENTES","attribute_group_name":"Ambientes"},{"id":"MLV1472-SALAJUE","name":"Sala de juegos","type":"boolean","tags":[],"values":[{"id":"MLV1472-SALAJUE-N","name":"No"},{"id":"MLV1472-SALAJUE-Y","name":"Sí"}],"attribute_group_id":"AMBIENTES","attribute_group_name":"Ambientes"},{"id":"MLV1472-SALCOM","name":"Sala comedor","type":"boolean","tags":[],"values":[{"id":"MLV1472-SALCOM-N","name":"No"},{"id":"MLV1472-SALCOM-Y","name":"Sí"}],"attribute_group_id":"AMBIENTES","attribute_group_name":"Ambientes"},{"id":"MLV1472-SALONFIEST","name":"Salón de fiestas","type":"boolean","tags":[],"values":[{"id":"MLV1472-SALONFIEST-N","name":"No"},{"id":"MLV1472-SALONFIEST-Y","name":"Sí"}],"attribute_group_id":"COMOYAMEN","attribute_group_name":"Comodidades y amenities"},{"id":"MLV1472-SOM","name":"Salón de usos múltiples","type":"boolean","tags":[],"values":[{"id":"MLV1472-SOM-N","name":"No"},{"id":"MLV1472-SOM-Y","name":"Sí"}],"attribute_group_id":"COMOYAMEN","attribute_group_name":"Comodidades y amenities"},{"id":"MLV1472-SPA","name":"Solarium/Spa","type":"boolean","tags":[],"values":[{"id":"MLV1472-SPA-N","name":"No"},{"id":"MLV1472-SPA-Y","name":"Sí"}],"attribute_group_id":"COMOYAMEN","attribute_group_name":"Comodidades y amenities"},{"id":"MLV1472-TERRA","name":"Terraza","type":"boolean","tags":[],"values":[{"id":"MLV1472-TERRA-N","name":"No"},{"id":"MLV1472-TERRA-Y","name":"Sí"}],"attribute_group_id":"AMBIENTES","attribute_group_name":"Ambientes"},{"id":"MLV1472-TVCABLE","name":"TV por cable","type":"boolean","tags":[],"values":[{"id":"MLV1472-TVCABLE-N","name":"No"},{"id":"MLV1472-TVCABLE-Y","name":"Sí"}],"attribute_group_id":"COMOYAMEN","attribute_group_name":"Comodidades y amenities"},{"id":"MLV1472-VEST","name":"Closet","type":"boolean","tags":[],"values":[{"id":"MLV1472-VEST-N","name":"No"},{"id":"MLV1472-VEST-Y","name":"Sí"}],"attribute_group_id":"AMBIENTES","attribute_group_name":"Ambientes"},{"id":"MLV1472-VIGI","name":"Vigilancia","type":"boolean","tags":[],"values":[{"id":"MLV1472-VIGI-N","name":"No"},{"id":"MLV1472-VIGI-Y","name":"Sí"}],"attribute_group_id":"COMOYAMEN","attribute_group_name":"Comodidades y amenities"}]