{
    "responseCode": 200,
    "responseContent": [
        {
            "id": "MLV1744-MARC",
            "name": "Marca",
            "type": "string",
            "tags": [
                "fixed",
                "required"
            ],
            "values": [
                {
                    "id": "MLV1744-MARC-ACURA",
                    "name": "Acura"
                }
            ],
            "attribute_group_id": "FIND",
            "attribute_group_name": "Ficha técnica"
        },
        {
            "id": "MLV1744-MODL",
            "name": "Modelo",
            "type": "string",
            "tags": [
                "fixed"
            ],
            "values": [
                {
                    "id": "MLV1744-MODL-INTEGRA",
                    "name": "Integra"
                }
            ],
            "attribute_group_id": "FIND",
            "attribute_group_name": "Ficha técnica"
        },
        {
            "id": "MLV1744-COLOREXT",
            "name": "Color",
            "type": "list",
            "tags": [],
            "values": [
                {
                    "id": "MLV1744-COLOREXT-AMARILLO",
                    "name": "Amarillo"
                },
                {
                    "id": "MLV1744-COLOREXT-ANARANJADO",
                    "name": "Anaranjado"
                },
                {
                    "id": "MLV1744-COLOREXT-AZUL",
                    "name": "Azul"
                },
                {
                    "id": "MLV1744-COLOREXT-BEIGE",
                    "name": "Beige"
                },
                {
                    "id": "MLV1744-COLOREXT-BLANCO",
                    "name": "Blanco"
                },
                {
                    "id": "MLV1744-COLOREXT-CREMA",
                    "name": "Crema"
                },
                {
                    "id": "MLV1744-COLOREXT-DORADO",
                    "name": "Dorado"
                },
                {
                    "id": "MLV1744-COLOREXT-GRIS",
                    "name": "Gris"
                },
                {
                    "id": "MLV1744-COLOREXT-MARRON",
                    "name": "Marrón"
                },
                {
                    "id": "MLV1744-COLOREXT-MORADO",
                    "name": "Morado"
                },
                {
                    "id": "MLV1744-COLOREXT-NEGRO",
                    "name": "Negro"
                },
                {
                    "id": "MLV1744-COLOREXT-PLATEADO",
                    "name": "Plateado"
                },
                {
                    "id": "MLV1744-COLOREXT-ROJO",
                    "name": "Rojo"
                },
                {
                    "id": "MLV1744-COLOREXT-VERDE",
                    "name": "Verde"
                },
                {
                    "id": "MLV1744-COLOREXT-VINO_TINTO",
                    "name": "Vino tinto"
                },
                {
                    "id": "MLV1744-COLOREXT-OTRO",
                    "name": "Otro"
                }
            ],
            "attribute_group_id": "ADICIONALES",
            "attribute_group_name": "Ficha técnica"
        },
        {
            "id": "MLV1744-DIREC",
            "name": "Dirección",
            "type": "list",
            "tags": [],
            "values": [
                {
                    "id": "MLV1744-DIREC-MECANICA",
                    "name": "Mecánica"
                },
                {
                    "id": "MLV1744-DIREC-HIDRAULICA",
                    "name": "Hidráulica"
                },
                {
                    "id": "MLV1744-DIREC-ASISTIDA",
                    "name": "Asistida"
                },
                {
                    "id": "MLV1744-DIREC-OTRO",
                    "name": "Otro"
                }
            ],
            "attribute_group_id": "ADICIONALES",
            "attribute_group_name": "Ficha técnica"
        },
        {
            "id": "MLV1744-HORPREF",
            "name": "Horario de contacto",
            "type": "string",
            "tags": [],
            "values": [],
            "attribute_group_id": "ADICIONALES",
            "attribute_group_name": "Ficha técnica"
        },
        {
            "id": "MLV1744-OWNER",
            "name": "Único dueño",
            "type": "list",
            "tags": [],
            "values": [
                {
                    "id": "MLV1744-OWNER-SI",
                    "name": "Sí"
                },
                {
                    "id": "MLV1744-OWNER-NO",
                    "name": "No"
                }
            ],
            "attribute_group_id": "ADICIONALES",
            "attribute_group_name": "Ficha técnica"
        },
        {
            "id": "MLV1744-TRANS",
            "name": "Transmisión",
            "type": "list",
            "tags": [],
            "values": [
                {
                    "id": "MLV1744-TRANS-AUTOMATICA",
                    "name": "Automática"
                },
                {
                    "id": "MLV1744-TRANS-SECUENCIAL",
                    "name": "Secuencial"
                },
                {
                    "id": "MLV1744-TRANS-SINCRONICA",
                    "name": "Sincrónica"
                },
                {
                    "id": "MLV1744-TRANS-OTRO",
                    "name": "Otro"
                }
            ],
            "attribute_group_id": "ADICIONALES",
            "attribute_group_name": "Ficha técnica"
        },
        {
            "id": "MLV1744-AIRACON",
            "name": "Aire acondicionado",
            "type": "boolean",
            "tags": [],
            "values": [
                {
                    "id": "MLV1744-AIRACON-N",
                    "name": "No"
                },
                {
                    "id": "MLV1744-AIRACON-Y",
                    "name": "Sí"
                }
            ],
            "attribute_group_id": "CONFORT",
            "attribute_group_name": "Confort"
        },
        {
            "id": "MLV1744-ALARMLUC",
            "name": "Alarma de luces encendidas",
            "type": "boolean",
            "tags": [],
            "values": [
                {
                    "id": "MLV1744-ALARMLUC-N",
                    "name": "No"
                },
                {
                    "id": "MLV1744-ALARMLUC-Y",
                    "name": "Sí"
                }
            ],
            "attribute_group_id": "CONFORT",
            "attribute_group_name": "Confort"
        },
        {
            "id": "MLV1744-APERBAUL",
            "name": "Apertura remota de baúl",
            "type": "boolean",
            "tags": [],
            "values": [
                {
                    "id": "MLV1744-APERBAUL-N",
                    "name": "No"
                },
                {
                    "id": "MLV1744-APERBAUL-Y",
                    "name": "Sí"
                }
            ],
            "attribute_group_id": "CONFORT",
            "attribute_group_name": "Confort"
        },
        {
            "id": "MLV1744-ASIENELEC",
            "name": "Asientos eléctricos",
            "type": "boolean",
            "tags": [],
            "values": [
                {
                    "id": "MLV1744-ASIENELEC-N",
                    "name": "No"
                },
                {
                    "id": "MLV1744-ASIENELEC-Y",
                    "name": "Sí"
                }
            ],
            "attribute_group_id": "CONFORT",
            "attribute_group_name": "Confort"
        },
        {
            "id": "MLV1744-ASREBAT",
            "name": "Asiento trasero rebatible",
            "type": "boolean",
            "tags": [],
            "values": [
                {
                    "id": "MLV1744-ASREBAT-N",
                    "name": "No"
                },
                {
                    "id": "MLV1744-ASREBAT-Y",
                    "name": "Sí"
                }
            ],
            "attribute_group_id": "CONFORT",
            "attribute_group_name": "Confort"
        },
        {
            "id": "MLV1744-ASREGULA",
            "name": "Asiento conductor regulable en altura",
            "type": "boolean",
            "tags": [],
            "values": [
                {
                    "id": "MLV1744-ASREGULA-N",
                    "name": "No"
                },
                {
                    "id": "MLV1744-ASREGULA-Y",
                    "name": "Sí"
                }
            ],
            "attribute_group_id": "CONFORT",
            "attribute_group_name": "Confort"
        },
        {
            "id": "MLV1744-CIECNTDIS",
            "name": "Cierre cent. de puertas",
            "type": "boolean",
            "tags": [],
            "values": [
                {
                    "id": "MLV1744-CIECNTDIS-N",
                    "name": "No"
                },
                {
                    "id": "MLV1744-CIECNTDIS-Y",
                    "name": "Sí"
                }
            ],
            "attribute_group_id": "CONFORT",
            "attribute_group_name": "Confort"
        },
        {
            "id": "MLV1744-CLIMAUT",
            "name": "Climatizador automático",
            "type": "boolean",
            "tags": [],
            "values": [
                {
                    "id": "MLV1744-CLIMAUT-N",
                    "name": "No"
                },
                {
                    "id": "MLV1744-CLIMAUT-Y",
                    "name": "Sí"
                }
            ],
            "attribute_group_id": "CONFORT",
            "attribute_group_name": "Confort"
        },
        {
            "id": "MLV1744-COMPABO",
            "name": "Computadora de abordo",
            "type": "boolean",
            "tags": [],
            "values": [
                {
                    "id": "MLV1744-COMPABO-N",
                    "name": "No"
                },
                {
                    "id": "MLV1744-COMPABO-Y",
                    "name": "Sí"
                }
            ],
            "attribute_group_id": "CONFORT",
            "attribute_group_name": "Confort"
        },
        {
            "id": "MLV1744-CTRLVEL",
            "name": "Control de velocidad de crucero",
            "type": "boolean",
            "tags": [],
            "values": [
                {
                    "id": "MLV1744-CTRLVEL-N",
                    "name": "No"
                },
                {
                    "id": "MLV1744-CTRLVEL-Y",
                    "name": "Sí"
                }
            ],
            "attribute_group_id": "CONFORT",
            "attribute_group_name": "Confort"
        },
        {
            "id": "MLV1744-ESPELEC",
            "name": "Espejos eléctricos",
            "type": "boolean",
            "tags": [],
            "values": [
                {
                    "id": "MLV1744-ESPELEC-N",
                    "name": "No"
                },
                {
                    "id": "MLV1744-ESPELEC-Y",
                    "name": "Sí"
                }
            ],
            "attribute_group_id": "CONFORT",
            "attribute_group_name": "Confort"
        },
        {
            "id": "MLV1744-ESTACIONAM",
            "name": "Sensor de estacionamiento",
            "type": "boolean",
            "tags": [],
            "values": [
                {
                    "id": "MLV1744-ESTACIONAM-N",
                    "name": "No"
                },
                {
                    "id": "MLV1744-ESTACIONAM-Y",
                    "name": "Sí"
                }
            ],
            "attribute_group_id": "CONFORT",
            "attribute_group_name": "Confort"
        },
        {
            "id": "MLV1744-FAROREG",
            "name": "Faros regulables desde el interior",
            "type": "boolean",
            "tags": [],
            "values": [
                {
                    "id": "MLV1744-FAROREG-N",
                    "name": "No"
                },
                {
                    "id": "MLV1744-FAROREG-Y",
                    "name": "Sí"
                }
            ],
            "attribute_group_id": "CONFORT",
            "attribute_group_name": "Confort"
        },
        {
            "id": "MLV1744-GPS",
            "name": "GPS",
            "type": "boolean",
            "tags": [],
            "values": [
                {
                    "id": "MLV1744-GPS-N",
                    "name": "No"
                },
                {
                    "id": "MLV1744-GPS-Y",
                    "name": "Sí"
                }
            ],
            "attribute_group_id": "CONFORT",
            "attribute_group_name": "Confort"
        },
        {
            "id": "MLV1744-SENSLL",
            "name": "Sensor de lluvia",
            "type": "boolean",
            "tags": [],
            "values": [
                {
                    "id": "MLV1744-SENSLL-N",
                    "name": "No"
                },
                {
                    "id": "MLV1744-SENSLL-Y",
                    "name": "Sí"
                }
            ],
            "attribute_group_id": "CONFORT",
            "attribute_group_name": "Confort"
        },
        {
            "id": "MLV1744-SENSLUZ",
            "name": "Sensor de luz",
            "type": "boolean",
            "tags": [],
            "values": [
                {
                    "id": "MLV1744-SENSLUZ-N",
                    "name": "No"
                },
                {
                    "id": "MLV1744-SENSLUZ-Y",
                    "name": "Sí"
                }
            ],
            "attribute_group_id": "CONFORT",
            "attribute_group_name": "Confort"
        },
        {
            "id": "MLV1744-TAPCUERO",
            "name": "Tapizado de cuero",
            "type": "boolean",
            "tags": [],
            "values": [
                {
                    "id": "MLV1744-TAPCUERO-N",
                    "name": "No"
                },
                {
                    "id": "MLV1744-TAPCUERO-Y",
                    "name": "Sí"
                }
            ],
            "attribute_group_id": "CONFORT",
            "attribute_group_name": "Confort"
        },
        {
            "id": "MLV1744-TECHOCORR",
            "name": "Techo corredizo",
            "type": "boolean",
            "tags": [],
            "values": [
                {
                    "id": "MLV1744-TECHOCORR-N",
                    "name": "No"
                },
                {
                    "id": "MLV1744-TECHOCORR-Y",
                    "name": "Sí"
                }
            ],
            "attribute_group_id": "CONFORT",
            "attribute_group_name": "Confort"
        },
        {
            "id": "MLV1744-VIDELEC",
            "name": "Vidrios eléctricos",
            "type": "boolean",
            "tags": [],
            "values": [
                {
                    "id": "MLV1744-VIDELEC-N",
                    "name": "No"
                },
                {
                    "id": "MLV1744-VIDELEC-Y",
                    "name": "Sí"
                }
            ],
            "attribute_group_id": "CONFORT",
            "attribute_group_name": "Confort"
        },
        {
            "id": "MLV1744-LIMPLUNETA",
            "name": "Limpia/Lava luneta",
            "type": "boolean",
            "tags": [],
            "values": [
                {
                    "id": "MLV1744-LIMPLUNETA-N",
                    "name": "No"
                },
                {
                    "id": "MLV1744-LIMPLUNETA-Y",
                    "name": "Sí"
                }
            ],
            "attribute_group_id": "EXTERIOR",
            "attribute_group_name": "EXTERIOR"
        },
        {
            "id": "MLV1744-PARACHOQ",
            "name": "Paragolpes pintados",
            "type": "boolean",
            "tags": [],
            "values": [
                {
                    "id": "MLV1744-PARACHOQ-N",
                    "name": "No"
                },
                {
                    "id": "MLV1744-PARACHOQ-Y",
                    "name": "Sí"
                }
            ],
            "attribute_group_id": "EXTERIOR",
            "attribute_group_name": "EXTERIOR"
        },
        {
            "id": "MLV1744-RINDEP",
            "name": "Rines",
            "type": "boolean",
            "tags": [],
            "values": [
                {
                    "id": "MLV1744-RINDEP-N",
                    "name": "No"
                },
                {
                    "id": "MLV1744-RINDEP-Y",
                    "name": "Sí"
                }
            ],
            "attribute_group_id": "EXTERIOR",
            "attribute_group_name": "EXTERIOR"
        },
        {
            "id": "MLV1744-VIDPOLARIZ",
            "name": "Vidrios polarizados",
            "type": "boolean",
            "tags": [],
            "values": [
                {
                    "id": "MLV1744-VIDPOLARIZ-N",
                    "name": "No"
                },
                {
                    "id": "MLV1744-VIDPOLARIZ-Y",
                    "name": "Sí"
                }
            ],
            "attribute_group_id": "EXTERIOR",
            "attribute_group_name": "EXTERIOR"
        },
        {
            "id": "MLV1744-COMBUS",
            "name": "Combustible",
            "type": "list",
            "tags": [
                "required"
            ],
            "values": [
                {
                    "id": "MLV1744-COMBUS-GASOLINA",
                    "name": "Gasolina"
                },
                {
                    "id": "MLV1744-COMBUS-GAS_OIL",
                    "name": "Gas Oil"
                },
                {
                    "id": "MLV1744-COMBUS-GNV",
                    "name": "GNV"
                }
            ],
            "attribute_group_id": "FIND",
            "attribute_group_name": "Ficha técnica"
        },
        {
            "id": "MLV1744-DOOR",
            "name": "Cant. de puertas",
            "type": "list",
            "tags": [
                "required"
            ],
            "values": [
                {
                    "id": "MLV1744-DOOR-2",
                    "name": "2"
                },
                {
                    "id": "MLV1744-DOOR-3",
                    "name": "3"
                },
                {
                    "id": "MLV1744-DOOR-4",
                    "name": "4"
                },
                {
                    "id": "MLV1744-DOOR-5",
                    "name": "5"
                }
            ],
            "attribute_group_id": "FIND",
            "attribute_group_name": "Ficha técnica"
        },
        {
            "id": "MLV1744-VERS",
            "name": "Versión",
            "type": "string",
            "tags": [
                "required"
            ],
            "values": [],
            "attribute_group_id": "FIND",
            "attribute_group_name": "Ficha técnica"
        },
        {
            "id": "MLV1744-YEAR",
            "name": "Año",
            "type": "list",
            "tags": [
                "required"
            ],
            "values": [
                {
                    "id": "MLV1744-YEAR-2012",
                    "name": "2012"
                },
                {
                    "id": "MLV1744-YEAR-2011",
                    "name": "2011"
                },
                {
                    "id": "MLV1744-YEAR-2010",
                    "name": "2010"
                },
                {
                    "id": "MLV1744-YEAR-2009",
                    "name": "2009"
                },
                {
                    "id": "MLV1744-YEAR-2008",
                    "name": "2008"
                },
                {
                    "id": "MLV1744-YEAR-2007",
                    "name": "2007"
                },
                {
                    "id": "MLV1744-YEAR-2006",
                    "name": "2006"
                },
                {
                    "id": "MLV1744-YEAR-2005",
                    "name": "2005"
                },
                {
                    "id": "MLV1744-YEAR-2004",
                    "name": "2004"
                },
                {
                    "id": "MLV1744-YEAR-2003",
                    "name": "2003"
                },
                {
                    "id": "MLV1744-YEAR-2002",
                    "name": "2002"
                },
                {
                    "id": "MLV1744-YEAR-2001",
                    "name": "2001"
                },
                {
                    "id": "MLV1744-YEAR-2000",
                    "name": "2000"
                },
                {
                    "id": "MLV1744-YEAR-1999",
                    "name": "1999"
                },
                {
                    "id": "MLV1744-YEAR-1998",
                    "name": "1998"
                },
                {
                    "id": "MLV1744-YEAR-1997",
                    "name": "1997"
                },
                {
                    "id": "MLV1744-YEAR-1996",
                    "name": "1996"
                },
                {
                    "id": "MLV1744-YEAR-1995",
                    "name": "1995"
                },
                {
                    "id": "MLV1744-YEAR-1994",
                    "name": "1994"
                },
                {
                    "id": "MLV1744-YEAR-1993",
                    "name": "1993"
                },
                {
                    "id": "MLV1744-YEAR-1992",
                    "name": "1992"
                },
                {
                    "id": "MLV1744-YEAR-1991",
                    "name": "1991"
                },
                {
                    "id": "MLV1744-YEAR-1990",
                    "name": "1990"
                },
                {
                    "id": "MLV1744-YEAR-1989",
                    "name": "1989"
                },
                {
                    "id": "MLV1744-YEAR-1988",
                    "name": "1988"
                },
                {
                    "id": "MLV1744-YEAR-1987",
                    "name": "1987"
                },
                {
                    "id": "MLV1744-YEAR-1986",
                    "name": "1986"
                },
                {
                    "id": "MLV1744-YEAR-1985",
                    "name": "1985"
                },
                {
                    "id": "MLV1744-YEAR-1984",
                    "name": "1984"
                },
                {
                    "id": "MLV1744-YEAR-1983",
                    "name": "1983"
                },
                {
                    "id": "MLV1744-YEAR-1982",
                    "name": "1982"
                },
                {
                    "id": "MLV1744-YEAR-1981",
                    "name": "1981"
                },
                {
                    "id": "MLV1744-YEAR-1980",
                    "name": "1980"
                }
            ],
            "attribute_group_id": "FIND",
            "attribute_group_name": "Ficha técnica"
        },
        {
            "id": "MLV1744-3LUZSTOP",
            "name": "3° Luz de stop",
            "type": "boolean",
            "tags": [],
            "values": [
                {
                    "id": "MLV1744-3LUZSTOP-N",
                    "name": "No"
                },
                {
                    "id": "MLV1744-3LUZSTOP-Y",
                    "name": "Sí"
                }
            ],
            "attribute_group_id": "SECURITY",
            "attribute_group_name": "Seguridad"
        },
        {
            "id": "MLV1744-ABS",
            "name": "ABS",
            "type": "boolean",
            "tags": [],
            "values": [
                {
                    "id": "MLV1744-ABS-N",
                    "name": "No"
                },
                {
                    "id": "MLV1744-ABS-Y",
                    "name": "Sí"
                }
            ],
            "attribute_group_id": "SECURITY",
            "attribute_group_name": "Seguridad"
        },
        {
            "id": "MLV1744-AIR1",
            "name": "Airbag conductor",
            "type": "boolean",
            "tags": [],
            "values": [
                {
                    "id": "MLV1744-AIR1-N",
                    "name": "No"
                },
                {
                    "id": "MLV1744-AIR1-Y",
                    "name": "Sí"
                }
            ],
            "attribute_group_id": "SECURITY",
            "attribute_group_name": "Seguridad"
        },
        {
            "id": "MLV1744-AIR2",
            "name": "Airbag pasajero",
            "type": "boolean",
            "tags": [],
            "values": [
                {
                    "id": "MLV1744-AIR2-N",
                    "name": "No"
                },
                {
                    "id": "MLV1744-AIR2-Y",
                    "name": "Sí"
                }
            ],
            "attribute_group_id": "SECURITY",
            "attribute_group_name": "Seguridad"
        },
        {
            "id": "MLV1744-AIR3",
            "name": "Airbag laterales",
            "type": "boolean",
            "tags": [],
            "values": [
                {
                    "id": "MLV1744-AIR3-N",
                    "name": "No"
                },
                {
                    "id": "MLV1744-AIR3-Y",
                    "name": "Sí"
                }
            ],
            "attribute_group_id": "SECURITY",
            "attribute_group_name": "Seguridad"
        },
        {
            "id": "MLV1744-AIRBAGCORT",
            "name": "Airbag de cortina",
            "type": "boolean",
            "tags": [],
            "values": [
                {
                    "id": "MLV1744-AIRBAGCORT-N",
                    "name": "No"
                },
                {
                    "id": "MLV1744-AIRBAGCORT-Y",
                    "name": "Sí"
                }
            ],
            "attribute_group_id": "SECURITY",
            "attribute_group_name": "Seguridad"
        },
        {
            "id": "MLV1744-ALAR",
            "name": "Alarma",
            "type": "boolean",
            "tags": [],
            "values": [
                {
                    "id": "MLV1744-ALAR-N",
                    "name": "No"
                },
                {
                    "id": "MLV1744-ALAR-Y",
                    "name": "Sí"
                }
            ],
            "attribute_group_id": "SECURITY",
            "attribute_group_name": "Seguridad"
        },
        {
            "id": "MLV1744-APCABEZA",
            "name": "Apoya cabeza traseros",
            "type": "boolean",
            "tags": [],
            "values": [
                {
                    "id": "MLV1744-APCABEZA-N",
                    "name": "No"
                },
                {
                    "id": "MLV1744-APCABEZA-Y",
                    "name": "Sí"
                }
            ],
            "attribute_group_id": "SECURITY",
            "attribute_group_name": "Seguridad"
        },
        {
            "id": "MLV1744-CNTTRACC",
            "name": "Control de tracción",
            "type": "boolean",
            "tags": [],
            "values": [
                {
                    "id": "MLV1744-CNTTRACC-N",
                    "name": "No"
                },
                {
                    "id": "MLV1744-CNTTRACC-Y",
                    "name": "Sí"
                }
            ],
            "attribute_group_id": "SECURITY",
            "attribute_group_name": "Seguridad"
        },
        {
            "id": "MLV1744-CONTR",
            "name": "Control de estabilidad",
            "type": "boolean",
            "tags": [],
            "values": [
                {
                    "id": "MLV1744-CONTR-N",
                    "name": "No"
                },
                {
                    "id": "MLV1744-CONTR-Y",
                    "name": "Sí"
                }
            ],
            "attribute_group_id": "SECURITY",
            "attribute_group_name": "Seguridad"
        },
        {
            "id": "MLV1744-DOBTRACC",
            "name": "Doble tracción",
            "type": "boolean",
            "tags": [],
            "values": [
                {
                    "id": "MLV1744-DOBTRACC-N",
                    "name": "No"
                },
                {
                    "id": "MLV1744-DOBTRACC-Y",
                    "name": "Sí"
                }
            ],
            "attribute_group_id": "SECURITY",
            "attribute_group_name": "Seguridad"
        },
        {
            "id": "MLV1744-FARANTI",
            "name": "Faros antiniebla",
            "type": "boolean",
            "tags": [],
            "values": [
                {
                    "id": "MLV1744-FARANTI-N",
                    "name": "No"
                },
                {
                    "id": "MLV1744-FARANTI-Y",
                    "name": "Sí"
                }
            ],
            "attribute_group_id": "SECURITY",
            "attribute_group_name": "Seguridad"
        },
        {
            "id": "MLV1744-FAROXEN",
            "name": "Faros de xenón",
            "type": "boolean",
            "tags": [],
            "values": [
                {
                    "id": "MLV1744-FAROXEN-N",
                    "name": "No"
                },
                {
                    "id": "MLV1744-FAROXEN-Y",
                    "name": "Sí"
                }
            ],
            "attribute_group_id": "SECURITY",
            "attribute_group_name": "Seguridad"
        },
        {
            "id": "MLV1744-INMOVMOT",
            "name": "Inmovilizador de motor",
            "type": "boolean",
            "tags": [],
            "values": [
                {
                    "id": "MLV1744-INMOVMOT-N",
                    "name": "No"
                },
                {
                    "id": "MLV1744-INMOVMOT-Y",
                    "name": "Sí"
                }
            ],
            "attribute_group_id": "SECURITY",
            "attribute_group_name": "Seguridad"
        },
        {
            "id": "MLV1744-ISOFIX",
            "name": "Isofix",
            "type": "boolean",
            "tags": [],
            "values": [
                {
                    "id": "MLV1744-ISOFIX-N",
                    "name": "No"
                },
                {
                    "id": "MLV1744-ISOFIX-Y",
                    "name": "Sí"
                }
            ],
            "attribute_group_id": "SECURITY",
            "attribute_group_name": "Seguridad"
        },
        {
            "id": "MLV1744-REPFUERZA",
            "name": "Repartidor electrónico de fuerza de frenado",
            "type": "boolean",
            "tags": [],
            "values": [
                {
                    "id": "MLV1744-REPFUERZA-N",
                    "name": "No"
                },
                {
                    "id": "MLV1744-REPFUERZA-Y",
                    "name": "Sí"
                }
            ],
            "attribute_group_id": "SECURITY",
            "attribute_group_name": "Seguridad"
        },
        {
            "id": "MLV1744-BLUETOOTH",
            "name": "Bluetooth",
            "type": "boolean",
            "tags": [],
            "values": [
                {
                    "id": "MLV1744-BLUETOOTH-N",
                    "name": "No"
                },
                {
                    "id": "MLV1744-BLUETOOTH-Y",
                    "name": "Sí"
                }
            ],
            "attribute_group_id": "SONIDO",
            "attribute_group_name": "Sonido"
        },
        {
            "id": "MLV1744-CARGADORCD",
            "name": "Cargador de CD",
            "type": "boolean",
            "tags": [],
            "values": [
                {
                    "id": "MLV1744-CARGADORCD-N",
                    "name": "No"
                },
                {
                    "id": "MLV1744-CARGADORCD-Y",
                    "name": "Sí"
                }
            ],
            "attribute_group_id": "SONIDO",
            "attribute_group_name": "Sonido"
        },
        {
            "id": "MLV1744-CASET",
            "name": "Pasacassette",
            "type": "boolean",
            "tags": [],
            "values": [
                {
                    "id": "MLV1744-CASET-N",
                    "name": "No"
                },
                {
                    "id": "MLV1744-CASET-Y",
                    "name": "Sí"
                }
            ],
            "attribute_group_id": "SONIDO",
            "attribute_group_name": "Sonido"
        },
        {
            "id": "MLV1744-CD",
            "name": "CD",
            "type": "boolean",
            "tags": [],
            "values": [
                {
                    "id": "MLV1744-CD-N",
                    "name": "No"
                },
                {
                    "id": "MLV1744-CD-Y",
                    "name": "Sí"
                }
            ],
            "attribute_group_id": "SONIDO",
            "attribute_group_name": "Sonido"
        },
        {
            "id": "MLV1744-COMANDOSAT",
            "name": "Comando Satelital de stereo",
            "type": "boolean",
            "tags": [],
            "values": [
                {
                    "id": "MLV1744-COMANDOSAT-N",
                    "name": "No"
                },
                {
                    "id": "MLV1744-COMANDOSAT-Y",
                    "name": "Sí"
                }
            ],
            "attribute_group_id": "SONIDO",
            "attribute_group_name": "Sonido"
        },
        {
            "id": "MLV1744-DVD",
            "name": "DVD",
            "type": "boolean",
            "tags": [],
            "values": [
                {
                    "id": "MLV1744-DVD-N",
                    "name": "No"
                },
                {
                    "id": "MLV1744-DVD-Y",
                    "name": "Sí"
                }
            ],
            "attribute_group_id": "SONIDO",
            "attribute_group_name": "Sonido"
        },
        {
            "id": "MLV1744-ENTAUXILIA",
            "name": "Entrada auxiliar",
            "type": "boolean",
            "tags": [],
            "values": [
                {
                    "id": "MLV1744-ENTAUXILIA-N",
                    "name": "No"
                },
                {
                    "id": "MLV1744-ENTAUXILIA-Y",
                    "name": "Sí"
                }
            ],
            "attribute_group_id": "SONIDO",
            "attribute_group_name": "Sonido"
        },
        {
            "id": "MLV1744-MP3",
            "name": "MP3",
            "type": "boolean",
            "tags": [],
            "values": [
                {
                    "id": "MLV1744-MP3-N",
                    "name": "No"
                },
                {
                    "id": "MLV1744-MP3-Y",
                    "name": "Sí"
                }
            ],
            "attribute_group_id": "SONIDO",
            "attribute_group_name": "Sonido"
        },
        {
            "id": "MLV1744-RADIO",
            "name": "Radio",
            "type": "boolean",
            "tags": [],
            "values": [
                {
                    "id": "MLV1744-RADIO-N",
                    "name": "No"
                },
                {
                    "id": "MLV1744-RADIO-Y",
                    "name": "Sí"
                }
            ],
            "attribute_group_id": "SONIDO",
            "attribute_group_name": "Sonido"
        },
        {
            "id": "MLV1744-TARJETASD",
            "name": "Tarjeta SD",
            "type": "boolean",
            "tags": [],
            "values": [
                {
                    "id": "MLV1744-TARJETASD-N",
                    "name": "No"
                },
                {
                    "id": "MLV1744-TARJETASD-Y",
                    "name": "Sí"
                }
            ],
            "attribute_group_id": "SONIDO",
            "attribute_group_name": "Sonido"
        },
        {
            "id": "MLV1744-USB",
            "name": "Entrada USB",
            "type": "boolean",
            "tags": [],
            "values": [
                {
                    "id": "MLV1744-USB-N",
                    "name": "No"
                },
                {
                    "id": "MLV1744-USB-Y",
                    "name": "Sí"
                }
            ],
            "attribute_group_id": "SONIDO",
            "attribute_group_name": "Sonido"
        }
    ]
}
