[id:"MLV44042",name:"Botes y Canoas","permalink":null,"total_items_in_this_category":54,"path_from_root":[[id:"MLV1743",name:"Carros, Motos y Otros"],[id:"MLV6112",name:"Náutica"],[id:"MLV44042",name:"Botes y Canoas"]],"children_categories":[],"settings":["adult_content":false,"buying_allowed":false,"buying_modes":["classified"],"coverage_areas":"not_allowed","immediate_payment":"optional","item_conditions":["new","used","not_specified"],"items_reviews_allowed":false,"listing_allowed":true,"max_pictures_per_item":18,"mirror_category":null,"price":"required","seller_contact":"optional","shipping_profile":"not_allowed","show_contact_information":true,"simple_shipping":"not_allowed","stock":"required","vip_subdomain":"nautica","tags":[]]]
