{"id":"MLV1743","name":"Carros, Motos y Otros","permalink":"http://vehiculos-home.mercadolibre.com.ve","total_items_in_this_category":25481,"path_from_root":[{"id":"MLV1743","name":"Carros, Motos y Otros"}],"children_categories":[{"id":"MLV1744","name":"Carros y Camionetas","total_items_in_this_category":17763},{"id":"MLV1763","name":"Motos","total_items_in_this_category":1794},{"id":"MLV6112","name":"Náutica","total_items_in_this_category":2151},{"id":"MLV1907","name":"Otros Vehículos","total_items_in_this_category":3773}],"settings":{"adult_content":false,"buying_allowed":false,"buying_modes":["classified"],"coverage_areas":"not_allowed","immediate_payment":"optional","item_conditions":["not_specified","used","new"],"items_reviews_allowed":false,"listing_allowed":false,"max_pictures_per_item":18,"mirror_category":null,"price":"required","seller_contact":"optional","shipping_profile":"not_allowed","show_contact_information":true,"simple_shipping":"not_allowed","stock":"required","tags":[],"vip_subdomain":"vehiculo"}}