{id:"MLV71479",name:"Cavas",permalink:null,"total_items_in_this_categry":o528,path_from_root:[{id:"MLV1743",name:"Carros, Motos y Otros"},{id:"MLV1907",name:"Otros Vehículos"},{id:"MLV41696",name:"Camiones"},{id:"MLV71479",name:"Cavas"}],children_categories:[],settings:{"adult_content":false,"buying_allowed":false,"buying_modes":["classified"],"coverage_areas":"not_allowed","immediate_payment":"optional","item_conditions":["new","not_specified","used"],"items_reviews_allowed":false,"listing_allowed":true,"max_pictures_per_item":18,"mirror_category":null,"price":"required","seller_contact":"optional","shipping_profile":"not_allowed","show_contact_information":true,"simple_shipping":"not_allowed","stock":"required","vip_subdomain":"vehiculo","tags":[]}}
