{"id":"VE","name":"Venezuela","locale":"es_VE","currency_id":"VEF","decimal_separator":",","thousands_separator":".","time_zone":"GMT-04:30","geo_information":null,"states":[{"id":"VE-M","name":"Miranda"},{"id":"VE-R","name":"Sucre"},{"id":"VE-B","name":"Anzoátegui"},{"id":"VE-F","name":"Bolívar"},{"id":"VE-W","name":"Depend. Federales"},{"id":"VE-P","name":"Portuguesa"},{"id":"VE-S","name":"Táchira"},{"id":"VE-K","name":"Lara"},{"id":"VE-L","name":"Mérida"},{"id":"VE-D","name":"Aragua"},{"id":"VE-O","name":"Nueva Esparta"},{"id":"VE-T","name":"Trujillo"},{"id":"VE-E","name":"Barinas"},{"id":"VE-J","name":"Guárico"},{"id":"VE-V","name":"Zulia"},{"id":"VE-C","name":"Apure"},{"id":"VE-Y","name":"Delta Amacuro"},{"id":"VE-U","name":"Yaracuy"},{"id":"VE-Z","name":"Amazonas"},{"id":"VE-G","name":"Carabobo"},{"id":"VE-H","name":"Cojedes"},{"id":"VE-X","name":"Vargas"},{"id":"VE-A","name":"Distrito Capital"},{"id":"VE-I","name":"Falcón"},{"id":"VE-N","name":"Monagas"}]}